cik,fiscal_year,period_start,period_end,days,source_accession
0000030697,2022,2022-01-03,2023-01-01,364,0000030697-23-000002
0000030697,2023,2023-01-02,2023-12-31,364,0000030697-24-000004
0000030697,2024,2024-01-01,2024-12-29,364,0000030697-25-000003
0000063908,2022,2022-01-01,2022-12-31,365,0000063908-23-000012
0000063908,2023,2023-01-01,2023-12-31,365,0000063908-24-000072
0000063908,2024,2024-01-01,2024-12-31,366,0000063908-25-000012
0000887596,2022,2021-12-29,2023-01-03,371,0001410578-25-000195
0000887596,2023,2023-01-04,2024-01-02,364,0001410578-25-000195
0000887596,2024,2024-01-03,2024-12-31,364,0001410578-25-000195
0000901491,2022,2021-12-27,2022-12-25,364,0001628280-23-004682
0000901491,2023,2022-12-26,2023-12-31,371,0001628280-24-007791
0000901491,2024,2024-01-01,2024-12-29,364,0001628280-25-008427
0001041061,2022,2022-01-01,2022-12-31,365,0001041061-23-000009
0001041061,2023,2023-01-01,2023-12-31,365,0001041061-24-000011
0001041061,2024,2024-01-01,2024-12-31,366,0001041061-25-000013
0001058090,2022,2022-01-01,2022-12-31,365,0001058090-23-000010
0001058090,2023,2023-01-01,2023-12-31,365,0001562762-24-000023
0001058090,2024,2024-01-01,2024-12-31,366,0001058090-25-000014
0001289460,2022,2021-12-29,2022-12-27,364,0001558370-23-001979
0001289460,2023,2022-12-28,2023-12-26,364,0001558370-24-001595
0001289460,2024,2023-12-27,2024-12-31,371,0001558370-25-001904
0001546417,2022,2021-12-27,2022-12-25,364,0001546417-23-000009
0001546417,2023,2022-12-26,2023-12-31,371,0001546417-24-000037
0001546417,2024,2024-01-01,2024-12-29,364,0001546417-25-000034
0001618756,2022,2022-01-01,2022-12-31,365,0001618756-23-000013
0001618756,2023,2023-01-01,2023-12-31,365,0001618756-24-000020
0001618756,2024,2024-01-01,2024-12-31,366,0001618756-25-000087
0001673358,2022,2022-01-01,2022-12-31,365,0000950170-23-005571
0001673358,2023,2023-01-01,2023-12-31,365,0000950170-24-023147
0001673358,2024,2024-01-01,2024-12-31,366,0000950170-25-029134
